Name,Bib,Class,Club,Total_Time,Total_Time_Seconds,Status,Total_Transition,Transition_Seconds,Run_Time,Run_Seconds,Overall_Rank,Class_Rank
Pontus Petrelius Risberg,17,Herr,TriVäst,00:15:53,953.5,ok,00:00:00,0,00:00:00,0,1,1
Jonathan Flod,18,Herr,TriVäst,00:16:28,988.2,ok,00:00:00,0,00:00:00,0,2,2
Fredrik Überbacher,33,Herr,TriVäst,00:16:57,1017.5,ok,00:00:00,0,00:00:00,0,3,3
Jonatan Hägerström,20,Herr,TriVäst,00:17:04,1024.1,ok,00:00:00,0,00:00:00,0,4,4
Ludvig Grönborg,19,Herr,TriVäst,00:17:45,1065.0,ok,00:00:00,0,00:00:00,0,5,5
Erik Rosell,38,Herr,TriVäst,00:18:30,1111.0,ok,00:00:00,0,00:00:00,0,6,6
Elias Wennersten,25,Herr,TriVäst,00:18:33,1113.4,ok,00:00:00,0,00:00:00,0,7,7
Erik Arnström,15,Herr,TriVäst,00:18:38,1118.5,ok,00:00:00,0,00:00:00,0,8,8
Joel Andersson,36,Herr,TriVäst,00:19:00,1140.1,ok,00:00:00,0,00:00:00,0,9,9
Richard Karlsson,14,Herr,TriVäst,00:19:15,1155.8,ok,00:00:00,0,00:00:00,0,10,10
Helena Jakobsson Larsson,3,Dam,Gäst,00:19:27,1167.0,ok,00:00:00,0,00:00:00,0,11,1
Melvin Johansson,24,Herr,TriVäst,00:19:34,1174.8,ok,00:00:00,0,00:00:00,0,12,11
Tim Suits,16,Herr,TriVäst,00:20:14,1214.3,ok,00:00:00,0,00:00:00,0,13,12
My Forsberg,12,Dam,TriVäst,00:20:33,1233.2,ok,00:00:00,0,00:00:00,0,14,2
Rasmus Johansson,32,Herr,TriVäst,00:20:58,1258.8,ok,00:00:00,0,00:00:00,0,15,13
Michael Kossenjans,35,Herr,TriVäst,00:21:45,1305.2,ok,00:00:00,0,00:00:00,0,16,14
François Diana,26,Herr,TriVäst,00:21:47,1308.0,ok,00:00:00,0,00:00:00,0,17,15
Karl Wackerberg,27,Herr,TriVäst,00:21:50,1310.2,ok,00:00:00,0,00:00:00,0,18,16
Filippa Bonorden,11,Dam,TriVäst,00:21:54,1314.2,ok,00:00:00,0,00:00:00,0,19,3
Einar Ekbäck,29,Herr,TriVäst,00:22:11,1332.0,ok,00:00:00,0,00:00:00,0,20,17
Kristoffer Zietek Krohn,37,Herr,TriVäst,00:22:16,1336.3,ok,00:00:00,0,00:00:00,0,21,18
Rita Matarranz,10,Dam,TriVäst,00:22:25,1345.1,ok,00:00:00,0,00:00:00,0,22,4
Nelly Bertilsson,1,Dam,Gäst,00:22:32,1352.2,ok,00:00:00,0,00:00:00,0,23,5
Johan Ekbäck,13,Herr,TriVäst,00:22:33,1353.1,ok,00:00:00,0,00:00:00,0,24,19
Samuel Karlsson,22,Herr,TriVäst,00:22:48,1368.9,ok,00:00:00,0,00:00:00,0,25,20
Evelina Gårdsby,5,Dam,TriVäst,00:23:42,1422.7,ok,00:00:00,0,00:00:00,0,26,6
Charlotte Petit,2,Dam,TriVäst,00:23:43,1423.9,ok,00:00:00,0,00:00:00,0,27,7
Jeanne Volant,6,Dam,TriVäst,00:23:49,1429.9,ok,00:00:00,0,00:00:00,0,28,8
Tobias Bäckström,39,Herr,TriVäst,00:23:55,1435.2,ok,00:00:00,0,00:00:00,0,29,21
Sofia Haglund,9,Dam,Gäst,00:24:52,1492.4,ok,00:00:00,0,00:00:00,0,30,9
Miriam Degerman,8,Dam,TriVäst,00:25:33,1533.3,ok,00:00:00,0,00:00:00,0,31,10
Ida Stjernkvist,4,Dam,TriVäst,00:27:40,1660.6,ok,00:00:00,0,00:00:00,0,32,11
Kornelia Krumkühler,7,Dam,TriVäst,00:27:41,1661.2,ok,00:00:00,0,00:00:00,0,33,12
Edvin Ekbäck,40,Ungdom,TriVäst,00:28:29,1709.8,ok,00:00:00,0,00:00:00,0,,1
Thiébaut Schirmer,21,Herr,TriVäst,00:31:29,1889.8,ok,00:00:00,0,00:00:00,0,34,22
Anton Söfting,31,Herr,TriVäst,00:33:06,1986.8,ok,00:00:00,0,00:00:00,0,35,23
Jan Ljungcrantz,30,Herr,TriVäst,00:35:36,2136.5,ok,00:00:00,0,00:00:00,0,36,24
Joakim Fransson,34,Herr,TriVäst,00:36:10,2170.4,ok,00:00:00,0,00:00:00,0,37,25
